feature,Transmission_Centrality,Clonal_Expansion,Persistence,Spatial_Dissemination,mean_importance,type
SVD_1,0.0816833956297427,0.1322403480516436,0.2486329703633894,0.0026984012907714,0.1163137788338868,SVD_Latent
O3,0.0023238933528068,0.0052922391500522,0.009729621968786,0.2177273326527829,0.058768271781107,Environment
SVD_12,0.0539177818120811,0.0840210150015167,0.0033373793542109,0.0150732256828475,0.0390873504626641,SVD_Latent
SO2,0.0019212383111262,0.0065857804886284,0.0089980551339461,0.1289562478457517,0.0366153304448631,Environment
CO,0.000915386267906,0.0037310378934505,0.0038058168297385,0.1279987660236385,0.0341127517536834,Environment
NO2,0.0012626728007877,0.0046933475528163,0.015120164605125,0.0948922010037371,0.0289920964906165,Environment
PM2.5,0.0011564303123121,0.0036828239007786,0.0119908592624384,0.088209425072256,0.0262598846369463,Environment
PM10,0.0010025738967732,0.002621257325226,0.0081486504815641,0.0820617536042443,0.0234585588269519,Environment
SVD_17,0.0794105413324294,0.0049527119852737,0.002169982155895,0.0035555235167695,0.0225221897475919,SVD_Latent
AQI,0.0005144905453962,0.0034890207471367,0.0144976197536137,0.0701599647416838,0.0221652739469576,Environment
SVD_2,0.0190626726723958,0.0164436928594886,0.0223577840906362,0.0022463986413507,0.0150276370659678,SVD_Latent
SVD_3,0.0109919676844153,0.0154313665997922,0.0265371218107234,0.0003661995166419,0.0133316639028932,SVD_Latent
SVD_22,0.0297506010076707,0.0115455095533436,0.0091995533613207,0.0018647953703832,0.0130901148231795,SVD_Latent
SVD_21,0.0059699098529645,0.0320903320064115,0.0071376345143444,0.0059990105764776,0.0127992217375495,SVD_Latent
SVD_30,0.0069928115746174,0.0407234654071945,0.0015447686259459,0.0013938412421781,0.0126637217124839,SVD_Latent
SVD_32,0.0091377788050081,0.0358617119340567,0.0024197609883372,0.0005377549712524,0.0119892516746636,SVD_Latent
SVD_47,0.0069441128890316,0.0350400265649354,0.0023788442525257,0.0026662942580193,0.011757319491128,SVD_Latent
SVD_23,0.0270837654728882,0.0103062434805227,0.0034085246011514,0.0025377711633305,0.0108340761794732,SVD_Latent
SVD_31,0.0085660121614449,0.0292517099420298,0.0021966932126902,0.0007490427442268,0.0101908645150979,SVD_Latent
SVD_19,0.0301975990865499,0.0050384353902661,0.0024682757816725,0.0020146429336756,0.009929738298041,SVD_Latent
SVD_9,0.0225582364141906,0.0046321899691919,0.0114343222044466,0.0006129655220366,0.0098094285274664,SVD_Latent
SVD_8,0.0218399541077484,0.0046537176452709,0.0105836136540196,0.0011915378354179,0.0095672058106142,SVD_Latent
SVD_7,0.025492374880753,0.006981453996242,0.0035737272798505,0.0010807656017342,0.0092820804396449,SVD_Latent
SVD_18,0.0252531624065973,0.0046674489977192,0.0025825463357596,0.003451596879741,0.0089886886549543,SVD_Latent
SVD_68,0.0039528760358875,0.0063511088546033,0.0232113078174447,0.0009949256546791,0.0086275545906536,SVD_Latent
SVD_6,0.0167411431033748,0.0081760044906524,0.0063719923725799,0.0030158742855505,0.0085762535630394,SVD_Latent
SVD_58,0.0035506179308064,0.0034708874540945,0.0257572133131695,0.0008540022408061,0.0084081802347191,SVD_Latent
SVD_51,0.0142796916987823,0.01125674065159,0.0040095783669728,0.0031635147871091,0.0081773813761136,SVD_Latent
SVD_72,0.0033579687369535,0.0083876853630548,0.0192472449142734,0.0013305464924733,0.0080808613766887,SVD_Latent
SVD_37,0.0095488338498722,0.0199423466851824,0.0017781417972637,0.0007046740435357,0.0079934990939635,SVD_Latent
SVD_45,0.0216753611265343,0.003757825896686,0.0051982475200938,0.0012989207542061,0.00798258882438,SVD_Latent
SVD_59,0.0054604756663215,0.00408183722753,0.021554072215559,0.0005341136418091,0.0079076246878049,SVD_Latent
SVD_64,0.0035438326777431,0.0032025755571974,0.0229560745762097,0.0013782554534434,0.0077701845661484,SVD_Latent
SVD_62,0.009853273385162,0.0031416869898747,0.0165257240273199,0.0013053544705039,0.0077065097182151,SVD_Latent
SVD_34,0.0045904158933801,0.019747673045808,0.0029272287139188,0.0012235740392506,0.0071222229230894,SVD_Latent
SVD_69,0.0063666776444159,0.0039090120123432,0.0162157363978593,0.0006251875729665,0.0067791534068962,SVD_Latent
SVD_67,0.0026823145675346,0.0039335411209082,0.0175388688612805,0.0006916800813643,0.0062116011577719,SVD_Latent
SVD_15,0.012987222945897,0.0086794282416585,0.0016131990888879,0.0009174600892523,0.006049327591424,SVD_Latent
SVD_13,0.0105388186585067,0.008991511534701,0.0015699635520888,0.0028875516807073,0.005996961356501,SVD_Latent
SVD_60,0.003542675395886,0.0031482481994446,0.0159493274202485,0.0011570239635803,0.0059493187447898,SVD_Latent
SVD_66,0.0043009392533753,0.0028974334412373,0.0157770274081464,0.000459312170448,0.0058586780683017,SVD_Latent
SVD_71,0.0119092795377409,0.0044329492760511,0.0038642516677994,0.0031085580848015,0.0058287596415982,SVD_Latent
SVD_74,0.0102144518315402,0.0075986757841329,0.004313194140569,0.0009188605544144,0.0057612955776641,SVD_Latent
SVD_80,0.0084261963876043,0.0029230341064113,0.0091995135556562,0.002321131012774,0.0057174687656115,SVD_Latent
SVD_119,0.0027087084999092,0.002402966862037,0.0159535154190346,0.0012435270328893,0.0055771794534675,SVD_Latent
SVD_78,0.005216260550902,0.0060649798193477,0.006774426994675,0.0037355956938828,0.0054478157647019,SVD_Latent
SVD_20,0.0107243516211042,0.004682436078267,0.0042669106540414,0.0017303493522398,0.0053510119264131,SVD_Latent
SVD_38,0.0050280756067824,0.0126952262252093,0.0023978426388641,0.001229867046245,0.0053377528792752,SVD_Latent
SVD_54,0.0079317962633606,0.0044895340626901,0.0069273365431482,0.0015102634767974,0.0052147325864991,SVD_Latent
SVD_91,0.008569090347015,0.0029738744556473,0.0075679693485143,0.0014528259517234,0.005140940025725,SVD_Latent
SVD_86,0.0075389554327621,0.0023717264985336,0.0048567285701807,0.0054044177976791,0.0050429570747889,SVD_Latent
SVD_5,0.0042869646486346,0.007871903161285,0.0058264866487968,0.0015721175664845,0.0048893680063003,SVD_Latent
SVD_29,0.0057683381352056,0.0108356273512598,0.0020486650165954,0.0008530419319386,0.0048764181087499,SVD_Latent
SVD_27,0.0046129416086584,0.0091463999845303,0.0038515869382026,0.001884805186038,0.0048739334293573,SVD_Latent
SVD_33,0.0091494081585384,0.0061862685100645,0.0028439549438785,0.0011695398348959,0.0048372928618443,SVD_Latent
SVD_11,0.0099684552649638,0.0058543476864956,0.0020654404234778,0.0009171513208461,0.0047013486739458,SVD_Latent
SVD_50,0.0072486830104503,0.0071688821427183,0.0027535930563827,0.0013794180746194,0.0046376440710427,SVD_Latent
SVD_94,0.0042196377321769,0.0069092479439141,0.00582130042961,0.0010204272139045,0.0044926533299014,SVD_Latent
SVD_16,0.0071625932564346,0.0060222721886537,0.003113008096563,0.0014907347301492,0.0044471520679501,SVD_Latent
SVD_24,0.0041648648385938,0.008417693840729,0.0016124926019437,0.0035915128624818,0.0044466410359371,SVD_Latent
SVD_28,0.0042657233479281,0.0094773155502385,0.0027396100131032,0.0012914977346989,0.0044435366614922,SVD_Latent
SVD_77,0.0075714839583871,0.0035020470136328,0.0054134368109898,0.0012706957396556,0.0044394158806663,SVD_Latent
SVD_76,0.0029804950220732,0.0042068609765922,0.0094006810530047,0.0011578525549556,0.0044364724016564,SVD_Latent
SVD_75,0.005230354476838,0.0070137195241235,0.0035473448464783,0.0013668176908305,0.0042895591345676,SVD_Latent
SVD_44,0.011674552188475,0.0023005794148786,0.0020630543110094,0.000678965746056,0.0041792879151047,SVD_Latent
SVD_61,0.0037308876546394,0.002324614266003,0.0088207895604461,0.0014557611206002,0.0040830131504222,SVD_Latent
SVD_70,0.0058401917739281,0.0058574284732897,0.0040938142155729,0.0004812973095214,0.004068182943078,SVD_Latent
SVD_63,0.0024497332991458,0.0044117806968515,0.0083302168123737,0.0007521092489385,0.0039859600143274,SVD_Latent
SVD_25,0.0049348582334616,0.0061232419829858,0.0020667810868816,0.0028004397014039,0.0039813302511833,SVD_Latent
SVD_4,0.0042591612460654,0.0047765550004123,0.0058394965775786,0.000583946673965,0.0038647898745053,SVD_Latent
SVD_48,0.0026724860466778,0.0102741398933408,0.001460944997959,0.0009873884257064,0.003848739840921,SVD_Latent
SVD_92,0.0038488298309654,0.0039665573340511,0.0068016143191797,0.00069920575706,0.0038290518103141,SVD_Latent
SVD_79,0.0066125178067026,0.0027893521205628,0.0044375097306429,0.0013948441935157,0.003808555962856,SVD_Latent
SVD_90,0.002649533703112,0.0032916787378322,0.0046575288923018,0.0042465355610901,0.003711319223584,SVD_Latent
SVD_103,0.0055819620181383,0.002854557461197,0.0052634393640087,0.0010780781696104,0.0036945092532386,SVD_Latent
SVD_111,0.0039016598581704,0.003321945618712,0.0062030591114034,0.0012310036572698,0.0036644170613889,SVD_Latent
SVD_104,0.0084691499602142,0.0025648014745137,0.002586345063142,0.0006586838532182,0.003569745087772,SVD_Latent
SVD_97,0.0043885719944733,0.0032429359753359,0.0050162993861532,0.0016092129083488,0.0035642550660778,SVD_Latent
SVD_65,0.0088907987629398,0.0023050110050618,0.0020898780334188,0.0009516842049057,0.0035593430015815,SVD_Latent
SVD_46,0.0029724139954709,0.0034949370406114,0.0067529630151885,0.0008395276699947,0.0035149604303164,SVD_Latent
SVD_87,0.0038742050898114,0.0030442982589517,0.0034803949860258,0.0032519725451503,0.0034127177199848,SVD_Latent
SVD_14,0.0060305809346802,0.0042279503968412,0.0020523417860323,0.0012478724599298,0.0033896863943709,SVD_Latent
SVD_81,0.0051914212160234,0.0031546483949068,0.0029376323033002,0.0021857297888463,0.0033673579257692,SVD_Latent
SVD_57,0.0051829973626237,0.0029813755738744,0.0044189732189,0.0007404763201851,0.0033309556188958,SVD_Latent
SVD_110,0.0022792612795581,0.0026947642677601,0.0067587757516069,0.0014828676481238,0.0033039172367622,SVD_Latent
SVD_112,0.0050169114876951,0.0034131668752148,0.0021387199087349,0.0020182880646074,0.0031467715840631,SVD_Latent
SVD_73,0.003812451699965,0.0052290638419249,0.0027067134266897,0.0008342620575797,0.0031456227565398,SVD_Latent
SVD_43,0.0020941859520663,0.0074022278302555,0.0018113335424173,0.001118836555217,0.003106645969989,SVD_Latent
SVD_26,0.0039124778861894,0.0043624747862918,0.002394343450152,0.0017094893866013,0.0030946963773086,SVD_Latent
SVD_114,0.000882884149909,0.0050173850839681,0.0049641654578077,0.0014048110039334,0.0030673114239046,SVD_Latent
SVD_95,0.0043240300017271,0.0042303381481877,0.0025917971006344,0.0011088065807813,0.0030637429578326,SVD_Latent
SVD_96,0.0066728673765076,0.0030225921567264,0.0018143277425202,0.0004907565678901,0.0030001359609111,SVD_Latent
SVD_41,0.0031585050925673,0.0049179628260138,0.0017486020247938,0.0021263033386138,0.0029878433204972,SVD_Latent
SVD_56,0.0038876259295193,0.0038545652916165,0.0034546426977542,0.0005536888874412,0.0029376307015828,SVD_Latent
SVD_55,0.0025441806264564,0.0036657308201581,0.0049756154560352,0.0004382598640008,0.0029059466916626,SVD_Latent
SVD_93,0.0034639291910321,0.0039607678797738,0.0033647135487633,0.0008187811299575,0.0029020479373817,SVD_Latent
SVD_101,0.0020050723034125,0.0030938760350065,0.0045312021536955,0.0016542197503421,0.0028210925606142,SVD_Latent
SVD_39,0.0033697175427084,0.0039602046686508,0.0032641721589032,0.0005932294379622,0.0027968309520562,SVD_Latent
SVD_88,0.0032142280339619,0.0050020242323037,0.0018804790551676,0.0009351044093314,0.0027579589326912,SVD_Latent
SVD_89,0.003741320300768,0.0034124614361879,0.0029830318254836,0.0008583380385377,0.0027487879002443,SVD_Latent
SVD_52,0.0015861343610115,0.0023031895092153,0.0064089459537366,0.0005385713603019,0.0027092102960663,SVD_Latent
SVD_53,0.0035782899383004,0.0034025805175676,0.0030970905602713,0.0006546273538155,0.0026831470924887,SVD_Latent
SVD_83,0.0029405064057374,0.002757373584095,0.0028511814673234,0.0021404497124033,0.0026723777923898,SVD_Latent
SVD_85,0.0040529110056283,0.0025179342724523,0.0024495985984695,0.0016520903700481,0.0026681335616496,SVD_Latent
SVD_98,0.0021875780646667,0.0027924041095616,0.004435508497579,0.0009579305252388,0.0025933552992615,SVD_Latent
SVD_99,0.0013014689254097,0.0041217586416528,0.003513663682147,0.0014202619522186,0.002589288300357,SVD_Latent
SVD_10,0.0026970806074408,0.0017612446981541,0.0051141169011232,0.0004492856741964,0.0025054319702286,SVD_Latent
SVD_35,0.0033522458912475,0.0039588383461637,0.001977240954231,0.0007278045692916,0.0025040324402334,SVD_Latent
SVD_42,0.001953537110505,0.0046678732554194,0.0013072292656063,0.0019841156750057,0.0024781888266341,SVD_Latent
SVD_40,0.0022739579596518,0.0039491307472181,0.002881408673303,0.0005948865385086,0.0024248459796704,SVD_Latent
SVD_116,0.0034816750642611,0.0019118192702308,0.0033713003911827,0.0007340759100508,0.0023747176589313,SVD_Latent
SVD_100,0.003675068441138,0.0031746054196173,0.001657599785606,0.0009026392955878,0.0023524782354873,SVD_Latent
SVD_117,0.0035575831401006,0.0027620815602209,0.0025273659798386,0.0005619001575827,0.0023522327094357,SVD_Latent
SVD_82,0.0023296712823572,0.0031067058341526,0.0018289011572763,0.0016546948707076,0.0022299932861234,SVD_Latent
SVD_109,0.0022623047825073,0.0030596929216824,0.0027146182076084,0.0007513992999424,0.0021970038029351,SVD_Latent
SVD_118,0.0012307420520585,0.0027131508292141,0.0040218664521221,0.0006135106573943,0.0021448174976972,SVD_Latent
SVD_49,0.0031021653034506,0.002957148189734,0.0017439091220153,0.0006593343860889,0.0021156392503222,SVD_Latent
SVD_125,0.002785255536531,0.0013221813137494,0.0034472087255434,0.0008977303184242,0.002113093973562,SVD_Latent
SVD_36,0.002254619811824,0.0026374901572235,0.0024650691378328,0.0007694098368964,0.0020316472359442,SVD_Latent
SVD_84,0.0020037849590671,0.0019873387444718,0.0018975762912428,0.0020113393858047,0.0019750098451466,SVD_Latent
SVD_108,0.0019968679588258,0.0026905576628435,0.0019709725360908,0.0010548687406033,0.0019283167245909,SVD_Latent
SVD_121,0.002264772508248,0.0024739545163864,0.0018158755277618,0.0005826485636367,0.0017843127790082,SVD_Latent
SVD_105,0.0011064905403257,0.003123399140422,0.0020555346208542,0.0007037998345208,0.0017473060340307,SVD_Latent
SVD_124,0.0011300793982693,0.0020287681590315,0.0028429731460605,0.0008869303252347,0.001722187757149,SVD_Latent
SVD_123,0.0022561135615965,0.0020648209799157,0.0018787634148149,0.0006800666141507,0.0017199411426194,SVD_Latent
SVD_120,0.0013863712257369,0.0014226031626006,0.0029039190791689,0.0010110606702614,0.001680988534442,SVD_Latent
SVD_113,0.0026181286503624,0.001491861822357,0.001538929484795,0.0006510355390172,0.0015749888741329,SVD_Latent
SVD_126,0.0016899110984904,0.0017816694658681,0.0019401571556752,0.0005466121264452,0.0014895874616197,SVD_Latent
SVD_115,0.0010910940459547,0.0016193287722493,0.0025049042174176,0.0005957879768215,0.0014527787531108,SVD_Latent
SVD_107,0.0010750791793865,0.0015151002216362,0.002294554363475,0.0008898166457071,0.0014436376025512,SVD_Latent
SVD_102,0.0013772671299138,0.0012428371758406,0.0022999140926476,0.0006939170469746,0.0014034838613442,SVD_Latent
SVD_128,0.0020440973337185,0.0016835517692652,0.0010290904588405,0.0007137226654491,0.0013676155568183,SVD_Latent
SVD_127,0.0018427004169901,0.0015719684594208,0.0016237993356725,0.0003554987992486,0.001348491752833,SVD_Latent
SVD_122,0.001013891956204,0.0012822124313464,0.0017446037276188,0.0008291230135077,0.0012174577821692,SVD_Latent
SVD_106,0.00114478113764,0.0012944067866407,0.0014743675654065,0.0008998369950898,0.0012033481211942,SVD_Latent
